epoch,train_loss,train_accuracy,val_loss,val_accuracy
1.0,0.3016339509412646,0.9056851851851851,0.1471618499085307,0.9568333333333333
2.0,0.10447080819708882,0.9688888888888889,0.10271975054467718,0.9698333333333333
3.0,0.07819526864141571,0.9762962962962963,0.1001553731005018,0.9716666666666667
4.0,0.06301757791966062,0.9805185185185186,0.09110314149937282,0.9728333333333333
5.0,0.054221448026485396,0.9832407407407407,0.09141239625681191,0.973
6.0,0.0481998566892343,0.985462962962963,0.0794712078369533,0.976
7.0,0.045095299419679644,0.9856851851851852,0.0882448134305887,0.9731666666666666
8.0,0.040973437811605874,0.9872037037037037,0.07859567589553383,0.9783333333333334
9.0,0.03778789431047712,0.9882222222222222,0.08776674316388865,0.973
10.0,0.037099383353199636,0.9883333333333333,0.075853629157374,0.979
11.0,0.03441132756322191,0.9891666666666666,0.07614137270922462,0.9788333333333333
12.0,0.03229004302166653,0.9898888888888889,0.09873361145736029,0.9741666666666666
13.0,0.03347911278836653,0.9893148148148149,0.07565004104903589,0.9771666666666666
14.0,0.030997121666066555,0.9899814814814815,0.08316545865335502,0.976
15.0,0.033002892975936886,0.9895,0.08208078572883581,0.977
16.0,0.0293751048085892,0.9906111111111111,0.08162558004492894,0.9778333333333333
17.0,0.029364896691020544,0.9904259259259259,0.06848168858193093,0.9813333333333333
18.0,0.026605502321695288,0.9917222222222222,0.07994977624935563,0.9778333333333333
19.0,0.029094332793102324,0.991037037037037,0.08512045724934433,0.9783333333333334
20.0,0.02879315340434227,0.9909074074074075,0.0817516658778768,0.9763333333333334
